structure,counts_observed,background_counts,number_of_genes_in_set,total_number_proteins_proteome,pvalue,fdr,bonforroni_cutoff,log_fold_change,name
IPR001309,9,14,162,20230,7.48402709275426e-14,8.0827492601746e-12,0.000231481481481481,1.90459534198926,./generated_files/OUT/OUT
IPR015917,9,13,162,20230,4.5864693199219e-14,8.0827492601746e-12,0.000231481481481481,1.93678002536066,./generated_files/OUT/OUT
IPR002138,8,12,162,20230,1.54863027144864e-12,1.11501379544302e-10,0.000231481481481481,1.92038960917249,./generated_files/OUT/OUT
IPR001315,6,28,162,20230,2.56299505412702e-07,1.38401732922859e-05,0.000231481481481481,1.4274740872696,./generated_files/OUT/OUT
IPR023753,4,12,162,20230,6.48405448713323e-06,0.000280111153844156,0.000231481481481481,1.61935961350851,./generated_files/OUT/OUT
IPR001875,3,7,162,20230,5.66908288343607e-05,0.00204086983803699,0.000231481481481481,1.72850408293358,./generated_files/OUT/OUT
IPR000889,3,8,162,20230,7.74951131647718e-05,0.00209236805544884,0.000231481481481481,1.67051213595589,./generated_files/OUT/OUT
IPR002475,3,8,162,20230,7.74951131647718e-05,0.00209236805544884,0.000231481481481481,1.67051213595589,./generated_files/OUT/OUT
IPR003175,2,3,162,20230,0.000617466078731829,0.0121247884550977,0.000231481481481481,1.92038960917249,./generated_files/OUT/OUT
IPR004367,3,17,162,20230,0.000508002413092436,0.0121247884550977,0.000231481481481481,1.34315320156956,./generated_files/OUT/OUT
IPR028182,2,3,162,20230,0.000617466078731829,0.0121247884550977,0.000231481481481481,1.92038960917249,./generated_files/OUT/OUT
IPR001134,3,22,162,20230,0.000995492684174046,0.0179188683151328,0.000231481481481481,1.23117944212563,./generated_files/OUT/OUT
IPR006639,2,5,162,20230,0.0012831769273925,0.01979758687977,0.000231481481481481,1.69854085955614,./generated_files/OUT/OUT
IPR017896,2,5,162,20230,0.0012831769273925,0.01979758687977,0.000231481481481481,1.69854085955614,./generated_files/OUT/OUT
IPR002087,2,6,162,20230,0.00170198013388472,0.02450851392794,0.000231481481481481,1.61935961350851,./generated_files/OUT/OUT
IPR006671,3,34,162,20230,0.00313664365245427,0.0423446893081326,0.000231481481481481,1.04212320590558,./generated_files/OUT/OUT
IPR013763,3,38,162,20230,0.00420477729882058,0.0534254056791321,0.000231481481481481,0.993818526331026,./generated_files/OUT/OUT
IPR004038,2,11,162,20230,0.00461911242529374,0.0554293491035249,0.000231481481481481,1.35611817873393,./generated_files/OUT/OUT
IPR005189,1,2,162,20230,0.0236451920299262,0.0680981530461875,0.000231481481481481,1.79545087256419,./generated_files/OUT/OUT
IPR028202,1,1,162,20230,0.0158258584877494,0.0680981530461875,0.000231481481481481,2.09648086822817,./generated_files/OUT/OUT
IPR031162,1,2,162,20230,0.0236451920299262,0.0680981530461875,0.000231481481481481,1.79545087256419,./generated_files/OUT/OUT
IPR000433,2,18,162,20230,0.0108495653998564,0.0680981530461875,0.000231481481481481,1.14223835878885,./generated_files/OUT/OUT
IPR005720,1,2,162,20230,0.0236451920299262,0.0680981530461875,0.000231481481481481,1.79545087256419,./generated_files/OUT/OUT
IPR008332,1,1,162,20230,0.0158258584877494,0.0680981530461875,0.000231481481481481,2.09648086822817,./generated_files/OUT/OUT
IPR020602,1,1,162,20230,0.0158258584877494,0.0680981530461875,0.000231481481481481,2.09648086822817,./generated_files/OUT/OUT
IPR016337,1,1,162,20230,0.0158258584877494,0.0680981530461875,0.000231481481481481,2.09648086822817,./generated_files/OUT/OUT
IPR010479,1,1,162,20230,0.0158258584877494,0.0680981530461875,0.000231481481481481,2.09648086822817,./generated_files/OUT/OUT
IPR005140,1,2,162,20230,0.0236451920299262,0.0680981530461875,0.000231481481481481,1.79545087256419,./generated_files/OUT/OUT
IPR019832,1,1,162,20230,0.0158258584877494,0.0680981530461875,0.000231481481481481,2.09648086822817,./generated_files/OUT/OUT
IPR016053,1,2,162,20230,0.0236451920299262,0.0680981530461875,0.000231481481481481,1.79545087256419,./generated_files/OUT/OUT
IPR032392,1,2,162,20230,0.0236451920299262,0.0680981530461875,0.000231481481481481,1.79545087256419,./generated_files/OUT/OUT
IPR005142,1,2,162,20230,0.0236451920299262,0.0680981530461875,0.000231481481481481,1.79545087256419,./generated_files/OUT/OUT
IPR015008,1,2,162,20230,0.0236451920299262,0.0680981530461875,0.000231481481481481,1.79545087256419,./generated_files/OUT/OUT
IPR025994,1,1,162,20230,0.0158258584877494,0.0680981530461875,0.000231481481481481,2.09648086822817,./generated_files/OUT/OUT
IPR015121,1,1,162,20230,0.0158258584877494,0.0680981530461875,0.000231481481481481,2.09648086822817,./generated_files/OUT/OUT
IPR020860,1,2,162,20230,0.0236451920299262,0.0680981530461875,0.000231481481481481,1.79545087256419,./generated_files/OUT/OUT
IPR019831,1,1,162,20230,0.0158258584877494,0.0680981530461875,0.000231481481481481,2.09648086822817,./generated_files/OUT/OUT
IPR013567,1,2,162,20230,0.0236451920299262,0.0680981530461875,0.000231481481481481,1.79545087256419,./generated_files/OUT/OUT
IPR019149,1,1,162,20230,0.0158258584877494,0.0680981530461875,0.000231481481481481,2.09648086822817,./generated_files/OUT/OUT
IPR022316,1,1,162,20230,0.0158258584877494,0.0680981530461875,0.000231481481481481,2.09648086822817,./generated_files/OUT/OUT
IPR003193,1,2,162,20230,0.0236451920299262,0.0680981530461875,0.000231481481481481,1.79545087256419,./generated_files/OUT/OUT
IPR031660,1,2,162,20230,0.0236451920299262,0.0680981530461875,0.000231481481481481,1.79545087256419,./generated_files/OUT/OUT
IPR013284,1,2,162,20230,0.0236451920299262,0.0680981530461875,0.000231481481481481,1.79545087256419,./generated_files/OUT/OUT
IPR032355,1,2,162,20230,0.0236451920299262,0.0680981530461875,0.000231481481481481,1.79545087256419,./generated_files/OUT/OUT
IPR014744,1,2,162,20230,0.0236451920299262,0.0680981530461875,0.000231481481481481,1.79545087256419,./generated_files/OUT/OUT
IPR013506,1,2,162,20230,0.0236451920299262,0.0680981530461875,0.000231481481481481,1.79545087256419,./generated_files/OUT/OUT
IPR008417,1,2,162,20230,0.0236451920299262,0.0680981530461875,0.000231481481481481,1.79545087256419,./generated_files/OUT/OUT
IPR010303,1,2,162,20230,0.0236451920299262,0.0680981530461875,0.000231481481481481,1.79545087256419,./generated_files/OUT/OUT
IPR021126,1,1,162,20230,0.0158258584877494,0.0680981530461875,0.000231481481481481,2.09648086822817,./generated_files/OUT/OUT
IPR012542,1,2,162,20230,0.0236451920299262,0.0680981530461875,0.000231481481481481,1.79545087256419,./generated_files/OUT/OUT
IPR024140,1,1,162,20230,0.0158258584877494,0.0680981530461875,0.000231481481481481,2.09648086822817,./generated_files/OUT/OUT
IPR006052,2,17,162,20230,0.00981540910117999,0.0680981530461875,0.000231481481481481,1.16706194251388,./generated_files/OUT/OUT
IPR007209,1,2,162,20230,0.0236451920299262,0.0680981530461875,0.000231481481481481,1.79545087256419,./generated_files/OUT/OUT
IPR014771,1,1,162,20230,0.0158258584877494,0.0680981530461875,0.000231481481481481,2.09648086822817,./generated_files/OUT/OUT
IPR001204,1,2,162,20230,0.0236451920299262,0.0680981530461875,0.000231481481481481,1.79545087256419,./generated_files/OUT/OUT
IPR005141,1,2,162,20230,0.0236451920299262,0.0680981530461875,0.000231481481481481,1.79545087256419,./generated_files/OUT/OUT
IPR003502,1,2,162,20230,0.0236451920299262,0.0680981530461875,0.000231481481481481,1.79545087256419,./generated_files/OUT/OUT
IPR029065,1,1,162,20230,0.0158258584877494,0.0680981530461875,0.000231481481481481,2.09648086822817,./generated_files/OUT/OUT
IPR015142,1,1,162,20230,0.0158258584877494,0.0680981530461875,0.000231481481481481,2.09648086822817,./generated_files/OUT/OUT
IPR000197,1,2,162,20230,0.0236451920299262,0.0680981530461875,0.000231481481481481,1.79545087256419,./generated_files/OUT/OUT
IPR015076,1,2,162,20230,0.0236451920299262,0.0680981530461875,0.000231481481481481,1.79545087256419,./generated_files/OUT/OUT
IPR000719,9,482,162,20230,0.0168123910284771,0.0680981530461875,0.000231481481481481,0.367676339428649,./generated_files/OUT/OUT
IPR024829,1,1,162,20230,0.0158258584877494,0.0680981530461875,0.000231481481481481,2.09648086822817,./generated_files/OUT/OUT
IPR014048,1,1,162,20230,0.0158258584877494,0.0680981530461875,0.000231481481481481,2.09648086822817,./generated_files/OUT/OUT
IPR011680,1,2,162,20230,0.0236451920299262,0.0680981530461875,0.000231481481481481,1.79545087256419,./generated_files/OUT/OUT
IPR015040,1,1,162,20230,0.0158258584877494,0.0680981530461875,0.000231481481481481,2.09648086822817,./generated_files/OUT/OUT
IPR019366,1,1,162,20230,0.0158258584877494,0.0680981530461875,0.000231481481481481,2.09648086822817,./generated_files/OUT/OUT
IPR028192,1,1,162,20230,0.0158258584877494,0.0680981530461875,0.000231481481481481,2.09648086822817,./generated_files/OUT/OUT
IPR028261,1,1,162,20230,0.0158258584877494,0.0680981530461875,0.000231481481481481,2.09648086822817,./generated_files/OUT/OUT
IPR013803,1,1,162,20230,0.0158258584877494,0.0680981530461875,0.000231481481481481,2.09648086822817,./generated_files/OUT/OUT
IPR003101,1,2,162,20230,0.0236451920299262,0.0680981530461875,0.000231481481481481,1.79545087256419,./generated_files/OUT/OUT
IPR030277,1,1,162,20230,0.0158258584877494,0.0680981530461875,0.000231481481481481,2.09648086822817,./generated_files/OUT/OUT
IPR010548,1,2,162,20230,0.0236451920299262,0.0680981530461875,0.000231481481481481,1.79545087256419,./generated_files/OUT/OUT
IPR013566,1,2,162,20230,0.0236451920299262,0.0680981530461875,0.000231481481481481,1.79545087256419,./generated_files/OUT/OUT
IPR002205,1,2,162,20230,0.0236451920299262,0.0680981530461875,0.000231481481481481,1.79545087256419,./generated_files/OUT/OUT
IPR014928,1,3,162,20230,0.0314027808715145,0.0788721007935713,0.000231481481481481,1.61935961350851,./generated_files/OUT/OUT
IPR001612,1,3,162,20230,0.0314027808715145,0.0788721007935713,0.000231481481481481,1.61935961350851,./generated_files/OUT/OUT
IPR003093,1,3,162,20230,0.0314027808715145,0.0788721007935713,0.000231481481481481,1.61935961350851,./generated_files/OUT/OUT
IPR014815,1,3,162,20230,0.0314027808715145,0.0788721007935713,0.000231481481481481,1.61935961350851,./generated_files/OUT/OUT
IPR015849,1,3,162,20230,0.0314027808715145,0.0788721007935713,0.000231481481481481,1.61935961350851,./generated_files/OUT/OUT
IPR024329,1,3,162,20230,0.0314027808715145,0.0788721007935713,0.000231481481481481,1.61935961350851,./generated_files/OUT/OUT
IPR001424,1,3,162,20230,0.0314027808715145,0.0788721007935713,0.000231481481481481,1.61935961350851,./generated_files/OUT/OUT
IPR019543,1,3,162,20230,0.0314027808715145,0.0788721007935713,0.000231481481481481,1.61935961350851,./generated_files/OUT/OUT
IPR021849,1,3,162,20230,0.0314027808715145,0.0788721007935713,0.000231481481481481,1.61935961350851,./generated_files/OUT/OUT
IPR011178,1,3,162,20230,0.0314027808715145,0.0788721007935713,0.000231481481481481,1.61935961350851,./generated_files/OUT/OUT
IPR008154,1,3,162,20230,0.0314027808715145,0.0788721007935713,0.000231481481481481,1.61935961350851,./generated_files/OUT/OUT
IPR001303,1,4,162,20230,0.0390991095697105,0.089844762415505,0.000231481481481481,1.49442087690021,./generated_files/OUT/OUT
IPR017941,1,4,162,20230,0.0390991095697105,0.089844762415505,0.000231481481481481,1.49442087690021,./generated_files/OUT/OUT
IPR013558,1,4,162,20230,0.0390991095697105,0.089844762415505,0.000231481481481481,1.49442087690021,./generated_files/OUT/OUT
IPR020811,1,4,162,20230,0.0390991095697105,0.089844762415505,0.000231481481481481,1.49442087690021,./generated_files/OUT/OUT
IPR006171,1,4,162,20230,0.0390991095697105,0.089844762415505,0.000231481481481481,1.49442087690021,./generated_files/OUT/OUT
IPR001305,1,4,162,20230,0.0390991095697105,0.089844762415505,0.000231481481481481,1.49442087690021,./generated_files/OUT/OUT
IPR000083,1,4,162,20230,0.0390991095697105,0.089844762415505,0.000231481481481481,1.49442087690021,./generated_files/OUT/OUT
IPR021901,1,4,162,20230,0.0390991095697105,0.089844762415505,0.000231481481481481,1.49442087690021,./generated_files/OUT/OUT
IPR001664,2,39,162,20230,0.042022818734208,0.0955466194377782,0.000231481481481481,0.806446256865656,./generated_files/OUT/OUT
IPR002554,1,5,162,20230,0.0467346589026043,0.0980066633297333,0.000231481481481481,1.39751086389215,./generated_files/OUT/OUT
IPR004099,1,5,162,20230,0.0467346589026043,0.0980066633297333,0.000231481481481481,1.39751086389215,./generated_files/OUT/OUT
IPR003508,1,5,162,20230,0.0467346589026043,0.0980066633297333,0.000231481481481481,1.39751086389215,./generated_files/OUT/OUT
IPR007603,1,5,162,20230,0.0467346589026043,0.0980066633297333,0.000231481481481481,1.39751086389215,./generated_files/OUT/OUT
IPR005026,1,5,162,20230,0.0467346589026043,0.0980066633297333,0.000231481481481481,1.39751086389215,./generated_files/OUT/OUT
IPR015927,1,5,162,20230,0.0467346589026043,0.0980066633297333,0.000231481481481481,1.39751086389215,./generated_files/OUT/OUT
IPR027246,1,5,162,20230,0.0467346589026043,0.0980066633297333,0.000231481481481481,1.39751086389215,./generated_files/OUT/OUT
IPR001322,1,5,162,20230,0.0467346589026043,0.0980066633297333,0.000231481481481481,1.39751086389215,./generated_files/OUT/OUT
IPR010622,1,6,162,20230,0.0543099058984732,0.104740532804198,0.000231481481481481,1.31832961784453,./generated_files/OUT/OUT
IPR000375,1,6,162,20230,0.0543099058984732,0.104740532804198,0.000231481481481481,1.31832961784453,./generated_files/OUT/OUT
IPR003891,1,6,162,20230,0.0543099058984732,0.104740532804198,0.000231481481481481,1.31832961784453,./generated_files/OUT/OUT
IPR013579,1,6,162,20230,0.0543099058984732,0.104740532804198,0.000231481481481481,1.31832961784453,./generated_files/OUT/OUT
IPR013584,1,6,162,20230,0.0543099058984732,0.104740532804198,0.000231481481481481,1.31832961784453,./generated_files/OUT/OUT
IPR014837,1,6,162,20230,0.0543099058984732,0.104740532804198,0.000231481481481481,1.31832961784453,./generated_files/OUT/OUT
IPR011645,1,6,162,20230,0.0543099058984732,0.104740532804198,0.000231481481481481,1.31832961784453,./generated_files/OUT/OUT
IPR032778,1,6,162,20230,0.0543099058984732,0.104740532804198,0.000231481481481481,1.31832961784453,./generated_files/OUT/OUT
IPR006694,1,6,162,20230,0.0543099058984732,0.104740532804198,0.000231481481481481,1.31832961784453,./generated_files/OUT/OUT
IPR006211,1,7,162,20230,0.0618253238648426,0.115619596545735,0.000231481481481481,1.25138282821392,./generated_files/OUT/OUT
IPR003350,1,7,162,20230,0.0618253238648426,0.115619596545735,0.000231481481481481,1.25138282821392,./generated_files/OUT/OUT
IPR003439,2,49,162,20230,0.0620920055523391,0.115619596545735,0.000231481481481481,0.707314783863641,./generated_files/OUT/OUT
IPR000494,1,7,162,20230,0.0618253238648426,0.115619596545735,0.000231481481481481,1.25138282821392,./generated_files/OUT/OUT
IPR001623,2,50,162,20230,0.06424845296792,0.11861252855616,0.000231481481481481,0.698540859556136,./generated_files/OUT/OUT
IPR020850,1,8,162,20230,0.0692813824173302,0.122662119689699,0.000231481481481481,1.19339088123623,./generated_files/OUT/OUT
IPR001132,1,8,162,20230,0.0692813824173302,0.122662119689699,0.000231481481481481,1.19339088123623,./generated_files/OUT/OUT
IPR022409,1,8,162,20230,0.0692813824173302,0.122662119689699,0.000231481481481481,1.19339088123623,./generated_files/OUT/OUT
IPR000407,1,8,162,20230,0.0692813824173302,0.122662119689699,0.000231481481481481,1.19339088123623,./generated_files/OUT/OUT
IPR018143,1,8,162,20230,0.0692813824173302,0.122662119689699,0.000231481481481481,1.19339088123623,./generated_files/OUT/OUT
IPR004827,2,54,162,20230,0.0731188766304774,0.127368365743412,0.000231481481481481,0.665117104069186,./generated_files/OUT/OUT
IPR000372,2,54,162,20230,0.0731188766304774,0.127368365743412,0.000231481481481481,0.665117104069186,./generated_files/OUT/OUT
IPR009071,2,55,162,20230,0.0753950539771593,0.130282653272531,0.000231481481481481,0.657148174397911,./generated_files/OUT/OUT
IPR002939,1,9,162,20230,0.0766785475082581,0.1304139075731,0.000231481481481481,1.14223835878885,./generated_files/OUT/OUT
IPR001346,1,9,162,20230,0.0766785475082581,0.1304139075731,0.000231481481481481,1.14223835878885,./generated_files/OUT/OUT
IPR011021,1,10,162,20230,0.0840172814550576,0.137482824199185,0.000231481481481481,1.09648086822817,./generated_files/OUT/OUT
IPR011022,1,10,162,20230,0.0840172814550576,0.137482824199185,0.000231481481481481,1.09648086822817,./generated_files/OUT/OUT
IPR000938,1,10,162,20230,0.0840172814550576,0.137482824199185,0.000231481481481481,1.09648086822817,./generated_files/OUT/OUT
IPR011539,1,10,162,20230,0.0840172814550576,0.137482824199185,0.000231481481481481,1.09648086822817,./generated_files/OUT/OUT
IPR002068,1,10,162,20230,0.0840172814550576,0.137482824199185,0.000231481481481481,1.09648086822817,./generated_files/OUT/OUT
IPR003619,1,12,162,20230,0.0985212871803705,0.156474985521765,0.000231481481481481,1.01729962218055,./generated_files/OUT/OUT
IPR015359,1,12,162,20230,0.0985212871803705,0.156474985521765,0.000231481481481481,1.01729962218055,./generated_files/OUT/OUT
IPR020864,1,12,162,20230,0.0985212871803705,0.156474985521765,0.000231481481481481,1.01729962218055,./generated_files/OUT/OUT
IPR001293,1,12,162,20230,0.0985212871803705,0.156474985521765,0.000231481481481481,1.01729962218055,./generated_files/OUT/OUT
IPR000562,1,13,162,20230,0.105687465671797,0.166631332738016,0.000231481481481481,0.982537515921337,./generated_files/OUT/OUT
IPR000538,1,14,162,20230,0.112797026500198,0.16687779263043,0.000231481481481481,0.950352832549936,./generated_files/OUT/OUT
IPR030381,1,14,162,20230,0.112797026500198,0.16687779263043,0.000231481481481481,0.950352832549936,./generated_files/OUT/OUT
IPR013520,1,14,162,20230,0.112797026500198,0.16687779263043,0.000231481481481481,0.950352832549936,./generated_files/OUT/OUT
IPR001464,1,14,162,20230,0.112797026500198,0.16687779263043,0.000231481481481481,0.950352832549936,./generated_files/OUT/OUT
IPR021743,1,14,162,20230,0.112797026500198,0.16687779263043,0.000231481481481481,0.950352832549936,./generated_files/OUT/OUT
IPR007593,1,14,162,20230,0.112797026500198,0.16687779263043,0.000231481481481481,0.950352832549936,./generated_files/OUT/OUT
IPR000270,1,14,162,20230,0.112797026500198,0.16687779263043,0.000231481481481481,0.950352832549936,./generated_files/OUT/OUT
IPR005818,1,14,162,20230,0.112797026500198,0.16687779263043,0.000231481481481481,0.950352832549936,./generated_files/OUT/OUT
IPR007123,1,14,162,20230,0.112797026500198,0.16687779263043,0.000231481481481481,0.950352832549936,./generated_files/OUT/OUT
IPR001711,1,15,162,20230,0.119850414226898,0.176106731108911,0.000231481481481481,0.920389609172492,./generated_files/OUT/OUT
IPR000471,1,16,162,20230,0.126848069944176,0.180257783604882,0.000231481481481481,0.892360885572249,./generated_files/OUT/OUT
IPR005113,1,16,162,20230,0.126848069944176,0.180257783604882,0.000231481481481481,0.892360885572249,./generated_files/OUT/OUT
IPR005112,1,16,162,20230,0.126848069944176,0.180257783604882,0.000231481481481481,0.892360885572249,./generated_files/OUT/OUT
IPR001079,1,16,162,20230,0.126848069944176,0.180257783604882,0.000231481481481481,0.892360885572249,./generated_files/OUT/OUT
IPR001194,1,16,162,20230,0.126848069944176,0.180257783604882,0.000231481481481481,0.892360885572249,./generated_files/OUT/OUT
IPR001019,1,17,162,20230,0.133790431302166,0.185248289495307,0.000231481481481481,0.8660319468499,./generated_files/OUT/OUT
IPR004148,1,17,162,20230,0.133790431302166,0.185248289495307,0.000231481481481481,0.8660319468499,./generated_files/OUT/OUT
IPR000716,1,17,162,20230,0.133790431302166,0.185248289495307,0.000231481481481481,0.8660319468499,./generated_files/OUT/OUT
IPR001507,1,17,162,20230,0.133790431302166,0.185248289495307,0.000231481481481481,0.8660319468499,./generated_files/OUT/OUT
IPR000095,1,18,162,20230,0.140677932535554,0.189915208922998,0.000231481481481481,0.841208363124868,./generated_files/OUT/OUT
IPR002223,1,18,162,20230,0.140677932535554,0.189915208922998,0.000231481481481481,0.841208363124868,./generated_files/OUT/OUT
IPR000326,1,18,162,20230,0.140677932535554,0.189915208922998,0.000231481481481481,0.841208363124868,./generated_files/OUT/OUT
IPR000001,1,18,162,20230,0.140677932535554,0.189915208922998,0.000231481481481481,0.841208363124868,./generated_files/OUT/OUT
IPR000909,1,19,162,20230,0.147511004490064,0.196681339320085,0.000231481481481481,0.817727267275345,./generated_files/OUT/OUT
IPR001054,1,19,162,20230,0.147511004490064,0.196681339320085,0.000231481481481481,0.817727267275345,./generated_files/OUT/OUT
IPR000867,1,20,162,20230,0.154290074648743,0.204458013031463,0.000231481481481481,0.795450872564193,./generated_files/OUT/OUT
IPR000421,1,23,162,20230,0.174307499286393,0.225451615843478,0.000231481481481481,0.734753032210581,./generated_files/OUT/OUT
IPR000834,1,23,162,20230,0.174307499286393,0.225451615843478,0.000231481481481481,0.734753032210581,./generated_files/OUT/OUT
IPR000157,1,23,162,20230,0.174307499286393,0.225451615843478,0.000231481481481481,0.734753032210581,./generated_files/OUT/OUT
IPR001111,1,23,162,20230,0.174307499286393,0.225451615843478,0.000231481481481481,0.734753032210581,./generated_files/OUT/OUT
IPR000182,1,24,162,20230,0.180874770747293,0.231177221783522,0.000231481481481481,0.716269626516568,./generated_files/OUT/OUT
IPR001763,1,24,162,20230,0.180874770747293,0.231177221783522,0.000231481481481481,0.716269626516568,./generated_files/OUT/OUT
IPR001357,1,26,162,20230,0.193853979772035,0.244868184975202,0.000231481481481481,0.681507520257356,./generated_files/OUT/OUT
IPR004045,1,26,162,20230,0.193853979772035,0.244868184975202,0.000231481481481481,0.681507520257356,./generated_files/OUT/OUT
IPR001879,1,27,162,20230,0.200266729847012,0.251497753761364,0.000231481481481481,0.665117104069186,./generated_files/OUT/OUT
IPR011527,1,28,162,20230,0.206628780022066,0.256504692441185,0.000231481481481481,0.649322836885954,./generated_files/OUT/OUT
IPR003594,1,28,162,20230,0.206628780022066,0.256504692441185,0.000231481481481481,0.649322836885954,./generated_files/OUT/OUT
IPR000306,1,29,162,20230,0.212940528666,0.262829452524891,0.000231481481481481,0.634082870329218,./generated_files/OUT/OUT
IPR002909,1,30,162,20230,0.219202371036892,0.269021091727095,0.000231481481481481,0.619359613508511,./generated_files/OUT/OUT
IPR010987,1,32,162,20230,0.231577902582871,0.282603542135029,0.000231481481481481,0.591330889908268,./generated_files/OUT/OUT
IPR001073,1,33,162,20230,0.237692366936797,0.288435681226675,0.000231481481481481,0.577966928350286,./generated_files/OUT/OUT
IPR017455,1,34,162,20230,0.243758475422711,0.29414430553802,0.000231481481481481,0.565001951185919,./generated_files/OUT/OUT
IPR001452,3,214,162,20230,0.248399782709973,0.298079739251968,0.000231481481481481,0.243188349598645,./generated_files/OUT/OUT
IPR001828,1,36,162,20230,0.255747142073138,0.30520100932485,0.000231481481481481,0.540178367460886,./generated_files/OUT/OUT
IPR001839,1,37,162,20230,0.261670451480367,0.31055394241626,0.000231481481481481,0.528279144161179,./generated_files/OUT/OUT
IPR002048,3,226,162,20230,0.274050940954213,0.323469963093497,0.000231481481481481,0.219493683800435,./generated_files/OUT/OUT
IPR000008,2,128,162,20230,0.276364355204969,0.324427721327572,0.000231481481481481,0.290300894244287,./generated_files/OUT/OUT
IPR001487,1,41,162,20230,0.284898824634648,0.332638627681535,0.000231481481481481,0.483697011508438,./generated_files/OUT/OUT
IPR003593,2,135,162,20230,0.296935707269511,0.342984560268526,0.000231481481481481,0.267177095397149,./generated_files/OUT/OUT
IPR015940,1,43,162,20230,0.296239179008604,0.342984560268526,0.000231481481481481,0.463012412648587,./generated_files/OUT/OUT
IPR004031,1,44,162,20230,0.301842149964011,0.346797363788438,0.000231481481481481,0.453028191741986,./generated_files/OUT/OUT
IPR001628,1,46,162,20230,0.312915436393948,0.357617641593083,0.000231481481481481,0.4337230365466,./generated_files/OUT/OUT
IPR000536,1,48,162,20230,0.323814159554168,0.364290929498439,0.000231481481481481,0.415239630852587,./generated_files/OUT/OUT
IPR000299,1,48,162,20230,0.323814159554168,0.364290929498439,0.000231481481481481,0.415239630852587,./generated_files/OUT/OUT
IPR019748,1,48,162,20230,0.323814159554168,0.364290929498439,0.000231481481481481,0.415239630852587,./generated_files/OUT/OUT
IPR019749,1,50,162,20230,0.334541054498495,0.374408641304015,0.000231481481481481,0.397510863892155,./generated_files/OUT/OUT
IPR000961,1,55,162,20230,0.360624109687144,0.401519627280531,0.000231481481481481,0.35611817873393,./generated_files/OUT/OUT
IPR017981,1,60,162,20230,0.385690888253189,0.427226830065071,0.000231481481481481,0.31832961784453,./generated_files/OUT/OUT
IPR002219,1,64,162,20230,0.405039093847675,0.44636961362805,0.000231481481481481,0.290300894244287,./generated_files/OUT/OUT
IPR000198,1,66,162,20230,0.414484850192386,0.454460546403834,0.000231481481481481,0.276936932686305,./generated_files/OUT/OUT
IPR000210,2,178,162,20230,0.419699153729113,0.457853622249941,0.000231481481481481,0.147090861583261,./generated_files/OUT/OUT
IPR013151,1,71,162,20230,0.437452241093879,0.474822533046622,0.000231481481481481,0.245222519509098,./generated_files/OUT/OUT
IPR028889,1,76,162,20230,0.459524057840264,0.496285982467485,0.000231481481481481,0.215667275947382,./generated_files/OUT/OUT
IPR003961,2,205,162,20230,0.491165050062752,0.52781915827639,0.000231481481481481,0.0857570028364006,./generated_files/OUT/OUT
IPR001304,1,86,162,20230,0.501118483119184,0.535849467097741,0.000231481481481481,0.161982416984606,./generated_files/OUT/OUT
IPR000742,2,227,162,20230,0.545185267832784,0.58009861010779,0.000231481481481481,0.0414850066990322,./generated_files/OUT/OUT
IPR001254,1,120,162,20230,0.620142934892219,0.65662193106235,0.000231481481481481,0.0172996221805489,./generated_files/OUT/OUT
IPR001849,2,269,162,20230,0.636872692722899,0.671046349405591,0.000231481481481481,-0.0322414161102531,./generated_files/OUT/OUT
IPR013098,1,135,162,20230,0.663231405752252,0.695427105060614,0.000231481481481481,-0.0338529002668324,./generated_files/OUT/OUT
IPR001841,2,288,162,20230,0.67336887391175,0.702645781473131,0.000231481481481481,-0.0618816238670759,./generated_files/OUT/OUT
IPR001478,1,150,162,20230,0.70145894067913,0.72843813070525,0.000231481481481481,-0.0796103908275075,./generated_files/OUT/OUT
IPR005225,1,161,162,20230,0.72672128404644,0.751061231359,0.000231481481481481,-0.110345007803676,./generated_files/OUT/OUT
IPR001356,1,247,162,20230,0.863328921219474,0.887995461825745,0.000231481481481481,-0.296216085031492,./generated_files/OUT/OUT
IPR020683,1,256,162,20230,0.872910548576875,0.893595632666374,0.000231481481481481,-0.311759097083676,./generated_files/OUT/OUT
IPR003599,2,465,162,20230,0.888506610348262,0.90527088601521,0.000231481481481481,-0.269942088997799,./generated_files/OUT/OUT
IPR007110,2,677,162,20230,0.973141746929737,0.98684796871748,0.000231481481481481,-0.433077804792989,./generated_files/OUT/OUT
IPR017452,2,725,162,20230,0.980809657609673,0.989976103007894,0.000231481481481481,-0.462827142678839,./generated_files/OUT/OUT
IPR013087,1,796,162,20230,0.998473543963686,0.998723552200384,0.000231481481481481,-0.804432199509495,./generated_files/OUT/OUT
No-Domain,3,1332,162,20230,0.998723552200384,0.998723552200384,0.000231481481481481,-0.550902101886446,./generated_files/OUT/OUT
